{"cameraMode":{"drawMode":0,"name":"Shaded","section":"Shading Mode"},"sceneLighting":true,"audioPlay":false,"sceneViewState":{"m_AlwaysRefresh":false,"showFog":true,"showSkybox":true,"showFlares":true,"showImageEffects":true,"showParticleSystems":true,"showVisualEffectGraphs":true,"m_FxEnabled":false},"in2DMode":false,"pivot":{"x":-25.635478973388673,"y":-6.438642978668213,"z":37.71873474121094},"rotation":{"x":0.06776411086320877,"y":-0.3129572570323944,"z":0.023058950901031495,"w":0.9475851655006409},"size":25.841211318969728,"orthographic":false}