{"cameraMode":{"drawMode":0,"name":"Shaded","section":"Shading Mode"},"sceneLighting":false,"audioPlay":false,"sceneViewState":{"m_AlwaysRefresh":false,"showFog":true,"showSkybox":false,"showFlares":true,"showImageEffects":true,"showParticleSystems":true,"showVisualEffectGraphs":true,"m_FxEnabled":true},"in2DMode":false,"pivot":{"x":-0.2812459468841553,"y":0.019427863880991937,"z":0.6046772599220276},"rotation":{"x":-0.2743152379989624,"y":-0.5280308127403259,"z":0.17992965877056123,"w":-0.7837837338447571},"size":0.13357245922088624,"orthographic":false}