{"cameraMode":{"drawMode":0,"name":"Shaded","section":"Shading Mode"},"sceneLighting":false,"audioPlay":false,"sceneViewState":{"m_AlwaysRefresh":false,"showFog":true,"showSkybox":false,"showFlares":true,"showImageEffects":true,"showParticleSystems":true,"showVisualEffectGraphs":true,"m_FxEnabled":true},"in2DMode":false,"pivot":{"x":1.6457884311676026,"y":0.6464142799377441,"z":-1.064048409461975},"rotation":{"x":0.15779238939285279,"y":0.39163970947265627,"z":-0.06291625648736954,"w":0.9044952988624573},"size":1.1891967058181763,"orthographic":false}