{"cameraMode":{"drawMode":0,"name":"Shaded","section":"Shading Mode"},"sceneLighting":true,"audioPlay":false,"sceneViewState":{"m_AlwaysRefresh":false,"showFog":true,"showSkybox":true,"showFlares":true,"showImageEffects":true,"showParticleSystems":true,"showVisualEffectGraphs":true,"m_FxEnabled":true},"in2DMode":false,"pivot":{"x":0.04098713397979736,"y":-1.2432562112808228,"z":22.125810623168947},"rotation":{"x":0.06326163560152054,"y":-0.0059928507544100288,"z":0.00028939632466062903,"w":0.9978882074356079},"size":11.296585083007813,"orthographic":false}